<?xml version="1.0" encoding="UTF-8"?>
<beans xmlns="http://www.springframework.org/schema/beans"
	xmlns:xsi="http://www.w3.org/2001/XMLSchema-instance"
	xsi:schemaLocation="http://www.springframework.org/schema/beans http://www.springframework.org/schema/beans/spring-beans.xsd
		http://www.springframework.org/schema/context http://www.springframework.org/schema/context/spring-context.xsd
		http://www.springframework.org/schema/tx http://www.springframework.org/schema/tx/spring-tx.xsd"
	xmlns:context="http://www.springframework.org/schema/context"
	xmlns:p="http://www.springframework.org/schema/p"
	xmlns:tx="http://www.springframework.org/schema/tx">
	
	<context:component-scan base-package="com.comichero.repo"/>

	<bean id="myDataSource"
		class="org.springframework.jdbc.datasource.DriverManagerDataSource">
		<property name="driverClassName"
			value="org.mariadb.jdbc.Driver" />
		<property name="url"
			value="jdbc:mariadb://localhost:3306/comichero" />
		<property name="username" value="root" />
		<property name="password" value="trigyn@123" />
	</bean>

	<bean id="mySessionFactory"
		class="org.springframework.orm.hibernate5.LocalSessionFactoryBean">
		<property name="dataSource" ref="myDataSource" />
		<property name="hibernateProperties">
			<value>
				hibernate.dialect=org.hibernate.dialect.MariaDB53Dialect
				hibernate.hbm2ddl.auto=update
				hibernate.show_sql=true
			</value>
		</property>
		<property name="annotatedClasses">
			<list>
				<value> com.comichero.entity.User</value>
				<value> com.comichero.entity.Quiz</value>
				<value> com.comichero.entity.Option</value>
			</list>
		</property>
	</bean>
	<!-- Transactional setting required for the Hibernate example to work -->
	<bean id="txManager"
		class="org.springframework.orm.hibernate5.HibernateTransactionManager">
		<property name="sessionFactory" ref="mySessionFactory" />

	</bean>

	<tx:annotation-driven
		transaction-manager="txManager" />


</beans>
